status,article_date,event,class_name,placing,horse,problem,raw_line,article_url
failed,2026-09-28,Jump Start Horse Trials,Open Intermediate / Preliminary,4,Ballytemple Jackson,Could not tell the breeder from the rider (add a full stop after the breeder),"4th Ballytemple Jackson (ISH) – 2018 gelding by Womanizer (KWPN) out of Newmarket Wonder One (ISH) by Harlequin Du Carel (SF). Breeder: Kelly Taylor (USA) 43.6, 4.4, 0.00 = 48.0.",https://www.horsesportireland.ie/irish-breeding-show-off-quality-across-the-board-again/
failed,2026-09-28,Palmanova International,CCIP 1* Short,5,Summerhill Mia,Dam not found,"5th Summerhill Mia (ISP) – 2017 mare by Steady Cruise. Rider: Ludovica Spampinato (ITA) 33.2, 4, 11.6 = 48.8.",https://www.horsesportireland.ie/irish-breeding-show-off-quality-across-the-board-again/
failed,2026-08-31,Wellington International and One Day Event,CCI 2* Short Sec N,6,SRS Coolkeeran,"""out of"" appears twice","6th SRS Coolkeeran (ISH) – 2018 gelding by Coolkeeran (HOLST) out of Cottage Cavalier (ISH) out of Don Juan de la Bouverie (SBS). Breeder: Thomas Hutchinson. Rider: Susie Berry (IRL) 29.9, 4.4, 0.0 = 34.3",https://www.horsesportireland.ie/irish-breeders-win-5-out-of-6-ccis-at-scone-palace/
failed,2026-07-27,Aston-la-Walls One Day Event,Advanced Under 25 Sec C,4,MBF Vital Finesse,"""out of"" appears twice","4th MBF Vital Finesse (ISH) – 2018 gelding by Ringwood Cassero (HOLST) out of Paddy’s Pride (TB)[IRL] out of Indian River (TB). Breeder: Angela & Cathal Murphy. Rider: Freddie Carden (GBR) 36.3, 17, 11.2 = 64.5",https://www.horsesportireland.ie/irish-bred-young-stock-shine-bright-in-the-uk/
failed,2026-07-27,Millbrook Horse Trials,Open Modified,7,Ardeo Rock and Roll,"Year ""20132"" is not a year","7th Ardeo Rock and Roll (ISH)(was Milchem Ardeo Rock and Roll) – 20132 gelding by Contra A (HOLST) out of Milchem Lady Jasper (ISH) by Ojasper (KWPN). Breeder R.C. Equine Ltd. Rider: Ally Krohg (NOR) 33.3, 4, 4.8 = 42.1.",https://www.horsesportireland.ie/irish-bred-young-stock-shine-bright-in-the-uk/
failed,2026-07-20,Upton House One Day Event,Intermediate Tuesday Sec A,6,LVS Vincenzo,"Year ""2105"" is not a year","6th LVS Vincenzo (ISH) – 2105 gelding by Vancouver (KWPN) out of Agonda (KWPN) by Silverstone ZANG). Breeder: Anne Marie O’Gorman. Rider: Giulia Caccatelli (ITA) 28.9, 0, 8.0 = 36.9",https://www.horsesportireland.ie/top-10-for-full-tih-full-brother-and-sister/
failed,2026-07-20,Kentucky Summer Horse Trials,Open Intermediate B,4,Ballytemple Jackson,Could not tell the breeder from the rider (add a full stop after the breeder),"4th Ballytemple Jackson (ISH) – 2018 gelding by Womanizer (KWPN) out of Newmarket Wonder One (ISH) by Harlequin Du Carel (SF). Breeder: Kelly Taylor (USA) 40.2, 0, 12.4 = 52.6",https://www.horsesportireland.ie/top-10-for-full-tih-full-brother-and-sister/
failed,2026-06-29,Farley Hill One Day Event,Intermediate Saturday Sec O,5,LVS Vincenzo,"Year ""2105"" is not a year","5th LVS Vincenzo (ISH) – 2105 gelding by Vancouver (KWPN) out of Agonda (KWPN) by Silverstone ZANG). Breeder: Anne Marie O’Gorman. Rider: Giulia Caccatelli (ITA) 32.5, 0, 21.6 = 54.1",https://www.horsesportireland.ie/irish-sport-horses-win-two-and-podium-in-all-seven-ccis-at-maryland/
failed,2026-06-08,Mars Bromont International,CCI 4* Short,5,MM Irish Clover,Dam not found,"5th MM Irish Clover (ISH)(was Piltown Flush) – 2015 gelding by Clover Flush. Breeder: Carmel Ryan. Rider: Jordan Riske (USA) 38.6, 9.6, 33.6 = 81.8.",https://www.horsesportireland.ie/irish-sport-horses-take-9-top-spots-in-the-12-classes-at-uk-event/
failed,2026-06-01,Event heading missing (HSI article 1 June 2026),Event heading missing (HSI article 1 June 2026),3,John The Bull,No event heading above it,"3rd John The Bull (ISH) – 2011 gelding by Luidam (KWPN) out of Think About It (TB) by Houmayoun (TB). Breeder: James Byrne (Westmeath). Rider: Susie Berry (IRL) 29.4, 0, 14.0 = 43.4",https://www.horsesportireland.ie/a-week-of-new-riders-and-fresh-horses/
failed,2026-06-01,Event heading missing (HSI article 1 June 2026),Event heading missing (HSI article 1 June 2026),4,Shannondale Arnold,No event heading above it,"4th Shannondale Arnold (ISH) – 2017 gelding by Hannibal V Overis Z (ZANG) out of Shannondale One (ISH) by Shannondale Sarco St Ghyvan (BWP). Breeder: Michael Walsh. Rider: Tom McEwen (GBR) 31.3, 0, 14.4 = 45.7",https://www.horsesportireland.ie/a-week-of-new-riders-and-fresh-horses/
failed,2026-06-01,Event heading missing (HSI article 1 June 2026),Event heading missing (HSI article 1 June 2026),9,LB Mettaphor,No event heading above it,"9th LB Mettaphor (ISH) – 2015 gelding by Ol Metta (SF) out of LB Hi Fuego (ISH) by Volcan (BWP). Breeder: Lizzie Burcher. Rider: Tom Rowland (GBR) 38.3, 0, 21.6 = 59.9",https://www.horsesportireland.ie/a-week-of-new-riders-and-fresh-horses/
failed,2026-06-01,Event heading missing (HSI article 1 June 2026),Event heading missing (HSI article 1 June 2026),10,Katchafire,No event heading above it,"10th Katchafire (ISH)[was Big Decisions] – 2015 gelding by Sir Donnerhall I (OLD) out of Decision Day [ISH] by Lafontaine (TB). Breeder: Kate Jarvey (Cork). Rider: Ginny Thomasen (NZL) 33.9, 4, 23.2 = 61.1.",https://www.horsesportireland.ie/a-week-of-new-riders-and-fresh-horses/
failed,2026-06-01,Event heading missing (HSI article 1 June 2026),Event heading missing (HSI article 1 June 2026),1,Brookfield Future News,No event heading above it,"1st Brookfield Future News (ISH)[was Future News] – 2015 gelding by Future Trend (OLD) out of Cashmere Breeze (AEAS) by Last News (TB). Breeder: Hilary Furlonger (Antrim). Rider: Tom McEwen (GBR) 25.1, 0, 0.0 = 25.1",https://www.horsesportireland.ie/a-week-of-new-riders-and-fresh-horses/
failed,2026-06-01,Event heading missing (HSI article 1 June 2026),Event heading missing (HSI article 1 June 2026),5,Lagans Rice Star,No event heading above it,"5th Lagans Rice Star (ISH) – 2016 gelding by OBOS Quality 004 (OLD) out of Cruising Star (ISH)[TIH] by Cruising (ISH)[TIH]. Breeder: Peter Rice. Rider: Oliver Thompson (GBR) 39.1, 0, 0.0 = 38.1",https://www.horsesportireland.ie/a-week-of-new-riders-and-fresh-horses/
failed,2026-06-01,Event heading missing (HSI article 1 June 2026),Event heading missing (HSI article 1 June 2026),9,Brookpark Vikenti,No event heading above it,"9th Brookpark Vikenti (ISH)[TIH] – 2008 gelding by Master Imp (TB) out of Tullineaskey Butlers Simon (ISH)[TIH] by Ballysimon (ISH)[TIH]. Breeder: Tristan Kingston (Cork). Rider: Ryo Murata (JPN) 31.3, 0, 12.4 = 43.7",https://www.horsesportireland.ie/a-week-of-new-riders-and-fresh-horses/
failed,2026-06-01,Event heading missing (HSI article 1 June 2026),Event heading missing (HSI article 1 June 2026),10,My Eastwood Brightside,No event heading above it,"10th My Eastwood Brightside (ISH) – 2011 gelding by ARS Vivendi (KWPN) out of Kinmar Lux Good (ISH) by Lux Z (HANN). Breeder: Mary King Marron (Monaghan). Rider: Minnie Longdon (GBR) 37.5, 0, 7.6 = 45.1.",https://www.horsesportireland.ie/a-week-of-new-riders-and-fresh-horses/
failed,2026-06-01,Event heading missing (HSI article 1 June 2026),Event heading missing (HSI article 1 June 2026),5,Earl Dorado,No event heading above it,"5th Earl Dorado (ISH) – 2019 gelding by Diarado out of The Kings Lady by Kings Master. Breeder: Jim Tempany. Rider: Max Warburton (GBR) 25.2, 2, 0.0 = 27.2",https://www.horsesportireland.ie/a-week-of-new-riders-and-fresh-horses/
failed,2026-06-01,Event heading missing (HSI article 1 June 2026),Event heading missing (HSI article 1 June 2026),8,Monbeg Condor,No event heading above it,"8th Monbeg Condor (ISH) – 2019 gelding by Condios (HOLST) out of Little Diamond (ISH) by Diamond Valley Gold (ISH). Breeder: John Flynn. Rider: Max Warburton (GBR) 31.4, 1.2, 0.0 = 32.6",https://www.horsesportireland.ie/a-week-of-new-riders-and-fresh-horses/
failed,2026-06-01,Event heading missing (HSI article 1 June 2026),Event heading missing (HSI article 1 June 2026),9,Kilmanahan Ulysses,No event heading above it,"9th Kilmanahan Ulysses (ISH) – 2018 gelding by Ulysses M25 (KWPN) out of Kimanahan Sally (ISH) by Olympic Lux (KWPN). Breeder: Paschal Connolly. Rider: Phoeby Locke (GBR) 35.8, 0.8, 0.0 = 36.6",https://www.horsesportireland.ie/a-week-of-new-riders-and-fresh-horses/
failed,2026-06-01,Event heading missing (HSI article 1 June 2026),Event heading missing (HSI article 1 June 2026),10,MT Luxaan,No event heading above it,"10th MT Luxaan (ISH) – 2018 mare by Cazaan (HOLST) out of Lux So Easy (ISH) by Lux Z (HANN). Breeder: Gareth Carlisle. Rider: Cassie Sanger (GBR) 25.8, 10.8, 0.8 = 37.4.",https://www.horsesportireland.ie/a-week-of-new-riders-and-fresh-horses/
failed,2026-06-01,Event heading missing (HSI article 1 June 2026),Event heading missing (HSI article 1 June 2026),5,Rehy DJ,No event heading above it,"5th Rehy DJ (ISH) – 2010 gelding by Tinaranas Inspector (WESTF) out of Rehy Misty [ISH] by Big Sink Hope (TB). Breeder: Noel Russell (Clare). Rider: Elizabeth Barratt (GBR) 34.2, 6, 0.0 = 40.2",https://www.horsesportireland.ie/a-week-of-new-riders-and-fresh-horses/
failed,2026-06-01,Event heading missing (HSI article 1 June 2026),Event heading missing (HSI article 1 June 2026),8,Balief de Reve,No event heading above it,"8th Balief de Reve (ISH) – 2015 mare by Hermes de Reve (SF) out of Lazio (ISH) by Aldato (KWPN). Breeder: Michael Hayde. Rider: Ivy Fisher (GBR) 33.7, 8.4, 0.0 = 42.1",https://www.horsesportireland.ie/a-week-of-new-riders-and-fresh-horses/
failed,2026-06-01,Event heading missing (HSI article 1 June 2026),Event heading missing (HSI article 1 June 2026),9,Stillbrook Aoife,No event heading above it,"9th Stillbrook Aoife (ISH)[TIH] – 2016 mare by Watermill Swatch (TB) out of Stillbrook Katie (ID) by Classic Vision (ID). Breeder: David Wallis. Rider: Molly O’Connor (GBR) 31.9, 2.4, 8.4 = 42.7",https://www.horsesportireland.ie/a-week-of-new-riders-and-fresh-horses/
failed,2026-06-01,Event heading missing (HSI article 1 June 2026),Event heading missing (HSI article 1 June 2026),10,This Ones on You,No event heading above it,"10th This Ones on You (ISH) – 2009 gelding by ARS Vivendi (HOLST) out of Clovers Diamond (AID) by Clover Hill (ID). Breeder: William Kirwan (Laois). Rider: Joshua Levett (GBR) 28.1, 15, 0. = 43.1.",https://www.horsesportireland.ie/a-week-of-new-riders-and-fresh-horses/
failed,2026-06-01,Event heading missing (HSI article 1 June 2026),Event heading missing (HSI article 1 June 2026),3,DS Are You Tom,No event heading above it,"3rd DS Are You Tom (ISH) – 2019 gelding by DS Are You With Me (HOLST) out of Carlton Fizz (ISH) by Cruising (ISH)[TIH]. Breeder: Liam Linskey. Rider: Lizzie Baugh (GBR) 27.0, 0, 0.0 = 27.0",https://www.horsesportireland.ie/a-week-of-new-riders-and-fresh-horses/
failed,2026-06-01,Event heading missing (HSI article 1 June 2026),Event heading missing (HSI article 1 June 2026),5,Newmarket Leonardo,No event heading above it,"5th Newmarket Leonardo (ISH) – 2018 gelding by Newmarket Venture (HANN) out of Newmarket Dato Two (ISH) by Aldto (KWPN). Breeder: Billy Daly. Rider: Matthew Glentworth (GBR) 27.6, 0, 0.0 = 27.6",https://www.horsesportireland.ie/a-week-of-new-riders-and-fresh-horses/
failed,2026-06-01,Event heading missing (HSI article 1 June 2026),Event heading missing (HSI article 1 June 2026),3,LVS Movistar,No event heading above it,"3rd LVS Movistar (ISH) – 2010 gelding by Iroko (WESTF) out of Speedy Timed (ISH) by Kalypso (KWPN). Breeder: Michael Ryan (Tipperary). Rider: Annabel Ridgway (GBR) 30.2, 0, 0.0 = 30.2",https://www.horsesportireland.ie/a-week-of-new-riders-and-fresh-horses/
failed,2026-06-01,Event heading missing (HSI article 1 June 2026),Event heading missing (HSI article 1 June 2026),4,EG Michaelangelo,No event heading above it,"4th EG Michaelangelo (ISH) – 2011 gelding by Chellthago Z (ZANG) out of Jaspers Flower (ISH) by Ojasper (KWPN). Breeder: Michael Beattie (Down). Rider: Florance Drewitt (GBR) 30.4, 0, 0.0 = 30.4",https://www.horsesportireland.ie/a-week-of-new-riders-and-fresh-horses/
failed,2026-06-01,Event heading missing (HSI article 1 June 2026),Event heading missing (HSI article 1 June 2026),6,Tir Na Nog Shadow,No event heading above it,"6th Tir Na Nog Shadow (ISH)[TIH] – 2009 mare by Shadows Dun (CP) out of Tir Na Nog Diamond Lady (ISH)[TIH] by Coevers Diamond Boy (ISH). Breeder: Thomas O’Sullivan (Clare). Rider: Tara Moore (GBR) 30.7, 0.8, 0.0 = 31.5",https://www.horsesportireland.ie/a-week-of-new-riders-and-fresh-horses/
failed,2026-06-01,Event heading missing (HSI article 1 June 2026),Event heading missing (HSI article 1 June 2026),10,Romans Red Affair,No event heading above it,"10th Romans Red Affair (ISH) – 2018 mare by Ganesh Hero (ZANG) out of Alamber (ISH) by Adaltus Z (OLD). Breeder: Tom McCarthy. Rider: Zara McCarthy (IRL) 34.8, 0, 0.0 = 34.8.",https://www.horsesportireland.ie/a-week-of-new-riders-and-fresh-horses/
failed,2026-06-01,Event heading missing (HSI article 1 June 2026),Event heading missing (HSI article 1 June 2026),1,Battlestown Delight,No event heading above it,"1st Battlestown Delight (CP) – 2016 stallion by Burning Delight (CP) out of Rehins Lady (CP) by I Love Melody (CP). Breeder: Patrick Murphy. Rider: Florence Drewitt (GBR) 22.2, 2.0, 8 = 32.2",https://www.horsesportireland.ie/a-week-of-new-riders-and-fresh-horses/
failed,2026-06-01,Event heading missing (HSI article 1 June 2026),Event heading missing (HSI article 1 June 2026),2,Baramona Lass,No event heading above it,"2nd Baramona Lass (unk) – 2009 mare OIO. Rider: Florence Jones (GBR) 28.1, 5.2, 0.0 = 33.3",https://www.horsesportireland.ie/a-week-of-new-riders-and-fresh-horses/
failed,2026-06-01,Event heading missing (HSI article 1 June 2026),Event heading missing (HSI article 1 June 2026),3,Coeveressa du Rouet,No event heading above it,"3rd Coeveressa du Rouet (ISH) – 2019 mare by Big Dan du Rouet (ISH) out of Coumroe Coeverssa (ISH)[TIH] by Coevers Diamond Boy (ISH). Breeder: William Walsh. Rider: Isaballa Moreton (GBR) 33.5, 0.4, 0.0 = 33.9",https://www.horsesportireland.ie/a-week-of-new-riders-and-fresh-horses/
failed,2026-06-01,Event heading missing (HSI article 1 June 2026),Event heading missing (HSI article 1 June 2026),5,Coolnaleen Rebel,No event heading above it,"5th Coolnaleen Rebel (ISH)[TIH] – 2010 gelding by Rebel Mountain (ID) out of Crested Ten Lady (TB)[IRL] by Naheez (TB). Breeder: Noeleen Redmond. Rider: Eva Bryant (GBR) 31.3, 11.6, 0.8 = 43.7",https://www.horsesportireland.ie/a-week-of-new-riders-and-fresh-horses/
failed,2026-06-01,Event heading missing (HSI article 1 June 2026),Event heading missing (HSI article 1 June 2026),6,Tullibards Cloneenagh Ted,No event heading above it,"6th Tullibards Cloneenagh Ted (CP)[was Cloneenagh Ted] – 2016 stallion by Cloonaveigh Cisco (CP) out of Cloneenagh Windy (CP) by Oisin (CP). Breeder Sean Meaney. Rider: Eloise Hawtin (GBR) 36.1, 0.4, 8.0 = 44.5",https://www.horsesportireland.ie/a-week-of-new-riders-and-fresh-horses/
failed,2026-06-01,Event heading missing (HSI article 1 June 2026),Event heading missing (HSI article 1 June 2026),7,Bannow Bee Silver Detroit,No event heading above it,"7th Bannow Bee Silver Detroit (ISP) – gelding by SF Detroit (DR) out of Ardeo Bannow Silver Zulu (unk). Breeder: Katrin Herrling. Rider: Isabella Moreton (GBR) 25.5, 23.6, 4.0 = 53.1",https://www.horsesportireland.ie/a-week-of-new-riders-and-fresh-horses/
failed,2026-06-01,Event heading missing (HSI article 1 June 2026),Event heading missing (HSI article 1 June 2026),9,Ballyard Buster,No event heading above it,"9th Ballyard Buster (CP) – 2017 gelding by Capparoe Lad (CP) out of Ballyard Hazy Moth (CP) by Frederiksminde Hazy Move On (CP). Rider: Nancy Wilson Connell (GBR) 33.6, 16.4, 8.0 = 58.0.",https://www.horsesportireland.ie/a-week-of-new-riders-and-fresh-horses/
failed,2026-05-18,Aston Le Walls One Day Event,Intermediate Wednesday Sec A,2,MBF Vital Finesse,"""out of"" appears twice","2nd MBF Vital Finesse (ISH) – 2018 gelding by Ringwood Cassero (HOLST) out of Paddy’s Pride (TB)[IRL] out of Indian River (TB). Breeder: Angela & Cathal Murphy. Rider: Freddie Carden (GBR) 31.4, 0, 0.0 = 31.4",https://www.horsesportireland.ie/irish-sport-horses-take-55-podium-places-this-week/
failed,2026-05-18,Aston Le Walls One Day Event,Novice Saturday Sec ZE,3,LVS Vincenzo,"Year ""2105"" is not a year","3rd LVS Vincenzo (ISH) – 2105 gelding by Vancouver (KWPN) out of Agonda (KWPN) by Silverstone ZANG). Breeder: Anne Marie O’Gorman. Rider: Giulia Caccatelli (ITA) 31.0, 0, 0.0 = 31.0",https://www.horsesportireland.ie/irish-sport-horses-take-55-podium-places-this-week/
failed,2026-05-11,Pratoni del Vivaro International,CCIP 1* Short,4,Summerhill Mia,Dam not found,"4th Summerhill Mia (ISP) – 2017 mare by Steady Cruise (ISH)[TIH]. Rider: Ludovica Spampinato (ITA) 36.1, 8, 2.0 = 46.1",https://www.horsesportireland.ie/irish-bred-takes-a-podium-place-at-badminton/
failed,2026-05-04,Cirencester Park One Day Event,Novice Masters Sec V,3,LVS Vincenzo,"Year ""2105"" is not a year","3rd LVS Vincenzo (ISH) – 2105 gelding by Vancouver (KWPN) out of Agonda (KWPN) by Silverstone ZANG). Breeder: Anne Marie O’Gorman. Rider: Giulia Caccatelli (ITA) 31.1, 0, 0.0 = 31.1",https://www.horsesportireland.ie/huge-entry-at-cirencester-where-irish-sport-horses-outshine-all-others/
failed,2026-04-27,Kelsall Hill International and One Day Event,Open Novice Sec O,2,SRS Coolkeeran,"""out of"" appears twice","2nd SRS Coolkeeran (ISH) – 2018 gelding by Coolkeeran (HOLST) out of Cottage Cavalier (ISH) out of Don Juan de la Bouverie (SBS). Breeder: Thomas Hutchinson. Rider: Susie Berry (IRL) 27.0, 0, 0.0 = 27.0.",https://www.horsesportireland.ie/six-of-the-8-irish-bred-horses-in-the-top-20-at-usa-5/
failed,2026-04-06,Oxstalls One Day Event,Novice Sec G,2,MBF Vital Finesse,"""out of"" appears twice","2nd MBF Vital Finesse (ISH) – 2018 gelding by Ringwood Cassero (HOLST) out of Paddy’s Pride (TB)[IRL] out of Indian River (TB). Breeder: Angela & Cathal Murphy. Rider: Freddie Carden (GBR) 29.5, 0, 0.0 = 29.5",https://www.horsesportireland.ie/irish-breeders-take-52-podium-places-from-30-classes/
failed,2026-03-30,Barbury Castle One Day Event,Novice Sunday Sec O,9,LVS Vincenzo,"Year ""2105"" is not a year","9th LVS Vincenzo (ISH) – 2105 gelding by Vancouver (KWPN) out of Agonda (KWPN) by Silverstone ZANG). Breeder: Anne Marie O’Gorman. Rider: Giulia Caccatelli (ITA) 30.8, 0, 8.8 = 39.6.",https://www.horsesportireland.ie/irish-bred-sport-horses-win-3-ccis-in-the-usa/
failed,2026-03-23,Carolina International,Open Intermediate,4,Ballytemple Jackson,Could not tell the breeder from the rider (add a full stop after the breeder),"4th Ballytemple Jackson (ISH) – 2018 gelding by Womanizer (KWPN) out of Newmarket Wonder One (ISH) by Harlequin Du Carel (SF). Breeder: Kelly Taylor (USA) 45.0, 0.8, 16.4 = 62.2.",https://www.horsesportireland.ie/podium-places-a-plenty-for-irish-sort-horses/
failed,2026-02-23,Pine Top Advanced Horse Trials,Open Preliminary B,8,Ballytemple Jackson,Could not tell the breeder from the rider (add a full stop after the breeder),"8th Ballytemple Jackson (ISH) – 2018 gelding by Womanizer (KWPN) out of Newmarket Wonder One (ISH) by Harlequin Du Carel (SF). Breeder: Kelly Taylor (USA) 30.8, 8, 4.0 = 42.8",https://www.horsesportireland.ie/sportsfield-prefixed-irish-sport-horses-get-4-in-the-top-10-at-pine-top/
failed,2026-02-16,Rocking Horse Winter Horse Trials,Advanced A,9,MM Irish Clover,Dam not found,"9th MM Irish Clover (ISH)(was Piltown Flush) – 2015 gelding by Clover Flush. Breeder: Carmel Ryan. Rider: Jordan Riske (USA) 38.5, 8, 12.8 = 59.3.",https://www.horsesportireland.ie/first-place-in-8-out-of-14-classes-for-irish-sport-horses/
failed,2026-01-26,Rocking Horse Farm Winter Horse Trials,Intermediate Rider,1,MM Irish Clover,Dam not found,"1st MM Irish Clover (ISH)(was Piltown Flush) – 2015 gelding by Clover Flush. Breeder: Carmel Ryan. Rider: Jordan Riske (USA) 26.7, 4, 0.4 = 31.1",https://www.horsesportireland.ie/irish-bred-horses-take-11-podium-places-in-15-classes-across-the-world/
conflict,2026-09-07,Wellington International and One Day Event,Intermediate Sec R,9,Current Trend,"Listed twice in this class (8 and 9); kept 8, shown as unverified","9th Current Trend (ISH) – 2015 gelding by Future Trend (OLD) out of Scattery Katania (ISH) by Kahtan (TB). Breeder: Messrs Clohessy & McNamara. Rider: Mary Edmundson (GBR) 33.4, 8, 14.8 = 56.2",https://www.horsesportireland.ie/a-burghley-to-remember/
conflict,2026-06-15,Fine & Country South of Scotland One Day Event,Open Intermediate Sec Q,5,Mile Beach,"Listed twice in this class (4 and 5); kept 4, shown as unverified","5th Mile Beach (ISH) – 2017 gelding by Beach Ball (ISH) out of Lanmore (SIES) by Lougherne Cappuchino (HOLST). Breeder: Georgina & Rodney Gault. Rider: Wills Oakden (GBR) 30.2, 4, 10.0 = 44.2.",https://www.horsesportireland.ie/irish-bred-horses-take-1st-and-2nd-at-braham-4-long/
conflict,2026-04-20,Burnham Market One Day Event,Open Novice Sec E,10,Warrenstown V de Muse,"Listed twice in this class (8 and 10); kept 8, shown as unverified","10th Warrenstown V de Muse (ISH)[was Warrenstown V de Muse] – 2018 gelding by I’m Special de Muze (BWP) out of Deelside Delux (ISH) by Verdi (KWPN). Breeder: Ronan Tynan. Rider: Jemima Stratton (GBR) 30.0, 4, 8.8 = 42.8.",https://www.horsesportireland.ie/irish-sport-horses-take-50-of-top-10-places-in-uk-4/
conflict,2026-04-13,Larkhill One Day Event,Novice Sec B,10,Boleybawn Blonde,"Listed twice in this class (8 and 10); kept 8, shown as unverified","10th Boleybawn Blonde (ISH) – 2018 mare by Celtic Hero B Z (ZANG)out of Sweeps Blondie (ISH) by Touchdown (ISH). Breeder: Ballybawn Horses Ltd. Rider: Jess Rimmer (GBR) 30.8, 8, 2.0 = 40.8.",https://www.horsesportireland.ie/brookfield-take-5-irish-into-podium-places-at-tedworth/
check,2026-09-28,South of England International and One Day Event,CCI 3* Short Sec M,3,Kilbunny Cyclone,No month in the event heading; taken as September 2026. Please confirm.,"3rd Kilbunny Cyclone (ISH) – 2018 gelding by Canturo (HOLST) out of Agonda (KWPN) by Silverstone (ZANG). Breeder: Richard O’Hara. Rider: Safia Woodward (GBR) 34.0, 0.4, 3.2 = 37.6",https://www.horsesportireland.ie/irish-breeding-show-off-quality-across-the-board-again/
check,2026-09-14,The Fork at Tryon International and Horse Trials,CCI 4* Short,5,Fernhill Salt Lake,Event heading has no country code; taken as United States. Please confirm.,"5th Fernhill Salt Lake (ISH)[was Haw Minister] – 2015 gelding by My O My (HOLST) out of Salt Lake City (ISH)[TIH] by Yeats (ISH)[TIH]. Breeder: James Hickey). Rider: Waylon Roberts (CAN) 32.4, 5.2, 10.0 = 47.6",https://www.horsesportireland.ie/irish-breeders-podium-in-all-classes-at-cornbury/
check,2026-09-14,Aspen Farms Horse Trials,Open Intermediate,1,Sportsfield Supernatural,Event heading has no country code; taken as United States. Please confirm.,"1st Sportsfield Supernatural (ISH) – 2019 gelding by Caricello (HOLST) out of Copacabana (SF) by Telstar de la Pomme (SF). Breeder: Noel Collins. Rider: Sara Sellmer (USA) 33.9, 4, 6.4 = 44.3",https://www.horsesportireland.ie/irish-breeders-podium-in-all-classes-at-cornbury/
check,2026-08-17,Ashton-le-Walls One Day Event,Open Intermediate Sec D,2,MBF Touch Your Toes,Event heading has no country code; taken as Great Britain. Please confirm.,"2nd MBF Touch Your Toes [ISH] – 2015 gelding by Out of Touch [ISH] out of Castleview Ennel Lady (TB) by Alphabatim (TB). Breeder: Val Reilly (Meath). Rider: Dani Stewart-Richardson (GBR) 24.8, 0, 4.8 = 29.6",https://www.horsesportireland.ie/podiums-swamped-again-by-irish-breeding/
check,2026-08-10,Fair Hills Horse Trials,Open Intermediate A,3,Fernhill Melody,"Event dated ""8th – 9th August 2025"" in the article of 2026-08-10; read as 2026. Please confirm.","3rd Fernhill Melody (ISH)[was Some Tune] – 2014 gelding by Musical Pursuit (TB) out of Nautimp (ISH) by Nautilus (KWPN). Breeder: Patrick Dillon (Galway) Rider: Savannah Kilpatrick (USA) 31.5, 0, 8.0 = 39.6",https://www.horsesportireland.ie/irish-sport-horses-win-5-classes-including-2-ccis-at-the-gmh-festival/
check,2026-07-27,Aston-la-Walls One Day Event,Advanced Saturday Sec A,3,Castle Howard Casanova,Event heading has no country code; taken as Great Britain. Please confirm.,"3rd Castle Howard Casanova (ISH) – 2013 gelding by Womanizer (KWPN) out of K Cavalier Belle (ISH) by Cavalier Royale (HOLST). Breeder: Susan Fitzpatrick (Wicklow). Rider: Marcio Carvalho Jorge (BRA) 30.4, 2, 3.6 = 36.0",https://www.horsesportireland.ie/irish-bred-young-stock-shine-bright-in-the-uk/
check,2026-07-20,The Event at Rebecca Farm International and Horse Trials,CCI 4* Short,1,SSH Playboy,Event heading has no country code; taken as United States. Please confirm.,"1st SSH Playboy (unk) – 2012 gelding OIO by Cit Cat (HOLST) out of Stomeyford Black Pearl (unk). Breeder: Ennisnag Stud. Rider: Julie Wolfert (USA) 35.9, 0.4, 11.6 = 47.9",https://www.horsesportireland.ie/top-10-for-full-tih-full-brother-and-sister/
check,2026-06-22,Luhmuhlen International,CCI 5* Long,3,Shanroe Cooley,"Event dated 17th – 21st July 2026, after the article of 2026-06-22. Please check the dates.","3rd Shanroe Cooley (ISH)[was Shanroe Italk] – 2015 gelding by Dallas VDL (BWP) out of Shanroe Saphire (ISH) by Condios (HOLST). Breeder: Anthony Smyth (Down). Rider: Boyd Martin (USA) 35.7, 0, 2.4 = 38.1",https://www.horsesportireland.ie/irish-bred-sport-horses-well-represented-in-a-small-entry-at-5/
check,2026-06-22,Stable View Summer Horse Trials,Advanced,3,Fernhill Cardevega,"Event dated 20th – 21st July 2026, after the article of 2026-06-22. Please check the dates.","3rd Fernhill Cardevega (ISH)[was Cardevga] – 2017 gelding by Cardento (HOLST) out of Quevega (ISH) by ARS Vivendi (HOLST). Breeder: Fionnuala Byrne. Rider: Ivie Cullen-Dean (USA) 37.1, 9.6, 44.4 = 91.1.",https://www.horsesportireland.ie/irish-bred-sport-horses-well-represented-in-a-small-entry-at-5/
check,2026-06-22,Mid South Pony Club Horse Trials,Open Preliminary,4,Roscommon,"Event dated 19th – 21st July 2026, after the article of 2026-06-22. Please check the dates.","4th Roscommon (ID) – 2000 gelding by Crosstown Dancer (ID) out of Fenagh Abbey (ID) by Holycross (ID). Breeder: Messers Curran & Callahan. Rider: Abby Blackburn (USA) 34.8, 4, 0.4 = 39.2",https://www.horsesportireland.ie/irish-bred-sport-horses-well-represented-in-a-small-entry-at-5/
check,2026-06-15,West Wilts One Day Event,Open Novice Sec Q,7,ELS Dakota,"Event dated 13th – 14th July 2026, after the article of 2026-06-15. Please check the dates.","7th ELS Dakota (ISH) -2017 mare by Hoeks Ludo W (AES) out of Miss Patience (ISH)[TIH] by Cult Hero (TB). Breeder: Lauren Morrow. Rider: Elle Slack (GBR) 33.3, 0, 0.8 = 34.1",https://www.horsesportireland.ie/irish-bred-horses-take-1st-and-2nd-at-braham-4-long/
check,2026-06-08,Chillington Hall One Day Event,Open Novice Sec G,3,Qualitys Snap,Event heading has no country code; taken as Great Britain. Please confirm.,"3rd Qualitys Snap (unk) – 2019 gelding by Lagans OBOS Quality (ISH) out of Dunsoghlys Snap (unk). Breeder: Maura Kelly. Rider: Emma Carmichael (GBR) 31.3, 0, 0.0 = 31.3",https://www.horsesportireland.ie/irish-sport-horses-take-9-top-spots-in-the-12-classes-at-uk-event/
check,2026-06-01,Bishop Burton One Day Event,Open Intermediate Sec Q,1,Cushlas Indigo,Event heading has no country code; taken as Great Britain. Please confirm.,"1st Cushlas Indigo (ISH) – 2017 gelding by Imperial Heights (ISH)[TIH] out of Olovo’s Love me Do (AES) by Animo Eliter (AES). Breeder: J P Finlay. Rider: Katie Magee (GBR) 29.8, 0, 1.6 = 31.4",https://www.horsesportireland.ie/a-week-of-new-riders-and-fresh-horses/
check,2026-05-11,Galway Downs Spring Horse Trials,Intermediate Challenge,2,Rosco,Event heading has no country code; taken as United States. Please confirm.,"2nd Rosco (ISH)[was Rosco Black Beauty] – 2019 gelding by Tyson (KWPN) out of Kah Lasina (HOLST) by Contender (HOLST). Breeder: Joe Connaughton. Rider: Sophie Stocks (USA) 31.9, 8, 8.8 = 48.7",https://www.horsesportireland.ie/irish-bred-takes-a-podium-place-at-badminton/
check,2026-05-04,Texas Rose Horse Park Horse Trials,Intermediate Preliminary,1,SSH Playboy,Event heading has no country code; taken as United States. Please confirm.,"1st SSH Playboy (unk) – 2012 gelding OIO by Cit Cat (HOLST) out of Stomeyford Black Pearl (unk). Breeder: Ennisnag Stud. Rider: Julie Wolfert (USA) 34.6, 0, 4.0 = 38.6",https://www.horsesportireland.ie/huge-entry-at-cirencester-where-irish-sport-horses-outshine-all-others/
check,2026-04-13,Pine Hill Spring Horse Trials,Open Preliminary,1,The Royal Dub,Event heading has no country code; taken as United States. Please confirm.,"1st The Royal Dub (ISH) – 2015 gelding by Royal Concorde (ISH) out of Highly Regarded (ISH)[TIH] by Puissance (ISH)[TIH]. Breeder: Orla Hughes. Rider: Millie Rackley (USA) 42.4, 0, 5.6 = 48.0.",https://www.horsesportireland.ie/brookfield-take-5-irish-into-podium-places-at-tedworth/
check,2026-03-16,Tweseldown One Day Event,Open Intermediate Sec E,3,Cecelia Cobra,Event heading has no country code; taken as Great Britain. Please confirm.,"3rd Cecelia Cobra (ISH) – 2016 gelding by Cobra 18 (WEWB) out of Cecelia Woudina (ISH) by Porsch (BWP). Breeder: James Rogan (Dublin). Rider: Tom McEwen (GBR) 30.5, 1, 0.0 = 31.5",https://www.horsesportireland.ie/irish-bred-horses-take-15-first-places-this-week/
check,2026-03-16,Pine Top Horse Trials,Pine Top Horse Trials,1,Glen Future,"Event dated ""14th – 15th March 2025"" in the article of 2026-03-16; read as 2026. Please confirm.","1st Glen Future (ISH) – 2019 mare by Future Trend (OLD) out of Future Girl (ISH) by OBOS Quality 004 (OLD). Breeder: Anthony Gill. Rider: Daniel Clasing (USA) 27.8, 0, 0.8 = 28.6",https://www.horsesportireland.ie/irish-bred-horses-take-15-first-places-this-week/
check,2026-02-16,Rocking Horse Winter Horse Trials,Advanced A,1,Cooley Baltic Sea,Event heading has no country code; taken as United States. Please confirm.,"1st Cooley Baltic Sea (ISH)[was Annaghmore Baltic Sea] – 2014 gelding by Baltic VDL (KWPN) out of HHS Cheerio (ISH) by Harlequin du Carel (SF). Breeder: Judy Tobin & Aoife Healion. Rider: Arielle Aharoni (USA) 38.3, 0, 2.8 = 41.1",https://www.horsesportireland.ie/first-place-in-8-out-of-14-classes-for-irish-sport-horses/
skipped,2026-08-10,,,,,A horse line with no placing (for example a team list); not saved,Essenar Double Dutch (ISH) – 2011 mare by Luidam (KWPN) out of Touch of Dutch (ISH) by ARD VDL Douglas (KWPN). Breeder: San & Manddy Norris. Rider: Anna Radford (IRL),https://www.horsesportireland.ie/irish-sport-horses-win-5-classes-including-2-ccis-at-the-gmh-festival/
skipped,2026-08-10,,,,,A horse line with no placing (for example a team list); not saved,Chapel Hill Dark Spark (ISH) – 2017 gelding by Krafty Clover (ISH)[TIH] out of Dungarvan Roseann (ISH). Breeder: Jennifer Hunt. Rider: Lillymai Walsh (IRL),https://www.horsesportireland.ie/irish-sport-horses-win-5-classes-including-2-ccis-at-the-gmh-festival/
skipped,2026-08-10,,,,,A horse line with no placing (for example a team list); not saved,Ballinagore Hero unk – 2021 gelding OIO. Rider: Tadgh O’Haire (IRL),https://www.horsesportireland.ie/irish-sport-horses-win-5-classes-including-2-ccis-at-the-gmh-festival/
skipped,2026-08-10,,,,,A horse line with no placing (for example a team list); not saved,Greenaun Russel (CP) – 2016 gelding by Carracanada River out of Greenaun Heather by Castleside JJ Junior. Rider: Kitty Cullen (IRL),https://www.horsesportireland.ie/irish-sport-horses-win-5-classes-including-2-ccis-at-the-gmh-festival/
skipped,2026-08-10,,,,,A horse line with no placing (for example a team list); not saved,Astronautes Voyage (ISH)[TIH] – 2013 gelding by Cashelbay Prince (CP) out of Lady Theillet (CP) by Celtic Bobby Sparrow (CP). Breeder: Patrick J Kearns. Rider: Isabella Owers (ITA),https://www.horsesportireland.ie/irish-sport-horses-win-5-classes-including-2-ccis-at-the-gmh-festival/
skipped,2026-08-10,,,,,A horse line with no placing (for example a team list); not saved,Fernhill Milchem Mischief (ISH)(was Milchem Mischief) – 2016 mare by Carnhill Bertas Lad (ISH) out of Milchem Sea Bird (ISH) by Contra A (HOLST). Breeder: R C Equine Ltd. Rider: Giacomo Gardini (ITA),https://www.horsesportireland.ie/irish-sport-horses-win-5-classes-including-2-ccis-at-the-gmh-festival/
skipped,2026-08-10,,,,,A horse line with no placing (for example a team list); not saved,Macs Boy (CP) – 2013 gelding by Doonhill Billy (CP) out of Cailin Charna (CP) by Kingstown Boy (CP). Breeder Martin Mylotte. Rider: Daisy Fulton (GBR),https://www.horsesportireland.ie/irish-sport-horses-win-5-classes-including-2-ccis-at-the-gmh-festival/
skipped,2026-08-10,,,,,A horse line with no placing (for example a team list); not saved,Coeveressa du Rouet (ISH) – 2019 mare by Big Dan du Rouet (ISH) out of Coumroe Coeverssa (ISH)[TIH] by Coevers Diamond Boy (ISH). Breeder: William Walsh. Rider: Isabella Moreton (GBR),https://www.horsesportireland.ie/irish-sport-horses-win-5-classes-including-2-ccis-at-the-gmh-festival/
skipped,2026-08-10,,,,,A horse line with no placing (for example a team list); not saved,Coolnaleen Rebel (ISH) – 2010 gelding by Rebel Mountain out of Crested Ten Lady by Naheez. Breeder: Noeleen Redmond. Rider: Kitty Eva Bryant (GBR),https://www.horsesportireland.ie/irish-sport-horses-win-5-classes-including-2-ccis-at-the-gmh-festival/
skipped,2026-05-18,,,,,A horse line with no placing (for example a team list); not saved,"7thth Seabanks Theygo (ISH) – 2014 gelding by Dinan Danny [ISH] out of Diamond Starr (ID) by Glidawn Diamond (ID). Breeder: Andrew Waldron (Wicklow). Rider: Claire Strehlow (USA) 29.8, 4, 17.2 = 51.0.",https://www.horsesportireland.ie/irish-sport-horses-take-55-podium-places-this-week/
skipped,2026-05-11,,,,,A horse line with no placing (for example a team list); not saved,GoldenEye 007 (ISH)[was Rosco Ranger] – 2018 gelding by Goodluck VDL (KWPN) out of Cuffesgrange Sensation (ISH) by OBOS Quality 004 (OLD). Breeder: Joe Connaughton. Rider: Heather Bush (USA),https://www.horsesportireland.ie/irish-bred-takes-a-podium-place-at-badminton/
