article_date,kind,name,context,looks_like
2026-01-19,sire,Cobra 18,Sire or dam sire,Cobre 18 (1 horse by this sire)
2026-01-19,breeder,Michael Burke,no county given,Michael Byrne (no county on record)
2026-01-26,sire,Future Trend,Sire or dam sire,Furure Trend (1 horse by this sire) | Futuer Trend (1 horse by this sire)
2026-01-26,sire,Olympix Lux,Sire or dam sire,Olympic Lux (1 horse by this sire)
2026-01-26,sire,Puisance,Sire or dam sire,Puissance (1 horse by this sire)
2026-01-26,sire,Sylvano,Sire or dam sire,Silvano (1 horse by this sire)
2026-01-26,horse,Hillside Diamond Lad CF,"2017, by Lionwood Kinsales Lad out of Wedding Day","Hillside Diamond Lad (2017, by Lionwood Kinsales Lad out of Wedding Day)"
2026-02-02,sire,Capri van Oveis Z,Sire or dam sire,Capri Van Overis Z (2 horses by this sire)
2026-02-02,sire,Spirit House,Sire or dam sire,Sprit House (1 horse by this sire)
2026-02-02,breeder,Thomas Keenan,(Louth),Thomas Keenan (no county on record)
2026-02-02,breeder,Michael Buckley,no county given,Michael Buckley ((Waterford))
2026-02-09,sire,OBOB Quality 004,Sire or dam sire,OBOS Quality 004 (13 horses by this sire)
2026-02-09,breeder,Michael O’Sulivan,no county given,Michael O'Sullivan (no county on record)
2026-02-09,horse,Carsontown Basil,"2018, by Lougherne Cappuchino out of Graf Unique","Carsonstown Basil (2018, by Lougherne Cappuchino out of Graf Unique)"
2026-02-09,breeder,Noel Ruane,no county given,Noel Ruane ((Sligo))
2026-02-16,sire,Lagans OBOS Quality,Sire or dam sire,Lagos OBOS Quality (1 horse by this sire)
2026-02-16,sire,Beach Balln,Sire or dam sire,Beach Ball (4 horses by this sire)
2026-02-16,sire,Mr Lincoln B,Sire or dam sire,Mr Lincoln (1 horse by this sire)
2026-02-16,dam,Poynstown Queen,by Olympic Lux,Poynstown Queen (by Olympix Lux)
2026-02-16,horse,HSH Marshall,"2016, by Future Trend out of Poynstown Queen","HSH Marshall (2016, by Future Trend out of Poynstown Queen)"
2026-02-16,dam,Beachnut,by Beach Balln,Beachnut (by Beach Ball)
2026-02-16,horse,Cooley Constellation,"2017, by Tolan R out of Beachnut","Cooley Constellation (2017, by Tolan R out of Beachnut)"
2026-02-23,horse,Rehale Comet,"2018, by Island Commander out of Whats Another One","Rahale Comet (2018, by Island Commander out of Whats Another One)"
2026-02-23,breeder,John Glynn,no county given,John Flynn (no county on record)
2026-02-23,breeder,Sarah Crosbie & Brendan Mcardle,no county given,Sarah Crosby & Brendan McArdle (no county on record)
2026-02-23,breeder,Patrick Murphy,(Wicklow),Patrick Murphy (no county on record)
2026-03-02,sire,Harlequin du Darel,Sire or dam sire,Harlequin du Carel (on record)
2026-03-02,sire,Emerald Van’t Ruytershof,Sire or dam sire,Emerald Van’t Ruyterhof (1 horse by this sire)
2026-03-09,sire,Royal Concord,Sire or dam sire,Royal Concorde (1 horse by this sire)
2026-03-09,sire,Je T’Aim Flamenco,Sire or dam sire,Je T'Aime Flamenco (3 horses by this sire)
2026-03-09,sire,Porch,Sire or dam sire,Porsch (1 horse by this sire)
2026-03-09,dam,Bellney Jewel,by Roselier,Bellaney Jewel (by Roselier)
2026-03-09,breeder,J W Rosbotham,(Armagh),J.W. Rosbotham (no county on record)
2026-03-09,dam,Gortglas Sparrow,by Ashfield Bobby Sparrow,Gortglass Sparrow (by Ashfield Bobby Sparrow)
2026-03-09,breeder,George Chapman,(Wexford),George Chapman (no county on record)
2026-03-09,breeder,Donnacha Quinn,(Mayo),Donnacha Quinn (no county on record)
2026-03-09,breeder,Sean Delaney,no county given,Sean Meaney (no county on record)
2026-03-16,sire,Tullibards Benny Legacy,Sire or dam sire,Tullibards Benny’s Legacy (1 horse by this sire)
2026-03-16,sire,Glasgow Vany Merelsnest,Sire or dam sire,Glasgow Vant Merelsnest (1 horse by this sire)
2026-03-16,sire,KEC Maximim Joe,Sire or dam sire,KEC Maximum Joe (1 horse by this sire)
2026-03-16,sire,Camiro De Haarz,Sire or dam sire,Camiro de Haar Z (1 horse by this sire)
2026-03-16,breeder,Georgina Plilips,(Wicklow),Georgina Phillips ((Wicklow))
2026-03-16,breeder,Val Reilly,no county given,Val Reilly ((Meath))
2026-03-16,horse,Excel Star SSK Atlantic Max,"2018, by KEC Maximim Joe out of Atlantic India","Excel Star SSK Atlantic Max (2018, by KEC Maximum Joe out of Atlantic India)"
2026-03-23,sire,Slgo Candy Boy,Sire or dam sire,Sligo Candy Boy (19 horses by this sire)
2026-03-23,sire,Cavalier Royalke,Sire or dam sire,Cavalier Royale (3 horses by this sire)
2026-03-23,sire,VDL Arkanas,Sire or dam sire,VDL Arkansas (1 horse by this sire)
2026-03-23,dam,Brockagh Courage,by Courage II,Brokagh Courage (by Courage II)
2026-03-23,breeder,Denis Delaney,no county given,Denis Delaney ((Tipperary))
2026-03-23,breeder,Paula Widger,(Waterford),Paula Widger (no county on record)
2026-03-23,breeder,Patrick Doddy,no county given,Patrick Doody (no county on record)
2026-03-23,breeder,Michael Ryan,no county given,Michael Ryan ((Tipperary))
2026-03-23,breeder,G.H.S.,(Tyrone),G.H.S (no county on record)
2026-03-23,breeder,Ballybawn Horses Ltd,no county given,Boleybawn Horses Ltd (no county on record)
2026-03-23,breeder,Gary Kavanagh,no county given,Karl Kavanagh (no county on record)
2026-03-23,horse,Chica Naika,"2017, by S Creevagh Ferro ex Siebe out of Chica Rubia","Chica Naika (2017, by S Creevagh Ferro Ex Siebe out of Chica Rubia 0000)"
2026-03-23,breeder,Michael Callery,(Meath),Michael Callery (no county on record)
2026-03-30,sire,Polluz De Muze Z,Sire or dam sire,Pollux de Muze Z (1 horse by this sire)
2026-03-30,sire,Islanbd Commander,Sire or dam sire,Island Commander (6 horses by this sire)
2026-03-30,sire,Centestage,Sire or dam sire,Centrestage (1 horse by this sire)
2026-03-30,sire,Helequin du Carel,Sire or dam sire,Harlequin du Carel (1 horse by this sire)
2026-03-30,dam,Coolcorran Gypsey,by Coolcorran Cool Diamond,Coolcorren Gypsey (by Coolcorran Cool Diamond)
2026-03-30,horse,Rock Island,"2017, by Island Commander out of Coolcorran Gypsey","Rock Island (2017, by Island Commander out of Coolcorren Gypsey)"
2026-03-30,breeder,Patrick Doody,(Kilkenny),Patrick Doody (no county on record)
2026-03-30,breeder,John Carey,(Tipperary),John Carey (no county on record)
2026-03-30,horse,Odyssey Island,"2020, by Islanbd Commander out of Rahard Diamond","Odyssey Island (2020, by Island Commander out of Rahard Diamond)"
2026-03-30,dam,Oughtererd Sky Cruise,by Cruising,Oughterard Sky Cruise (by Cruising)
2026-03-30,dam,Ballinamonapark Honey,by Iroko,Ballinamonapark Honet (by Iroko) | Ballinamonapark Honey (by Irko)
2026-04-13,sire,OBOS Qualitu 004,Sire or dam sire,OBOS Quality 004 (28 horses by this sire) | OBOB Quality 004 (1 horse by this sire)
2026-04-13,sire,Casallo,Sire or dam sire,Casallco (1 horse by this sire)
2026-04-13,sire,Glidwn Diamond,Sire or dam sire,Glidawn Diamond (on record)
2026-04-13,sire,Shannondale Sarso st Ghyvan,Sire or dam sire,Shannondale Sarco St Ghyvan (2 horses by this sire)
2026-04-13,sire,Colourfield,Sire or dam sire,Courfield (on record)
2026-04-13,sire,Querlybet Hero,Sire or dam sire,Quielybet Hero (1 horse by this sire)
2026-04-13,sire,Coulerfield,Sire or dam sire,Courfield (on record)
2026-04-13,sire,an un-recorded sire,Sire or dam sire,an unrecorded sire (1 horse by this sire)
2026-04-13,breeder,John Kearney,(Louth),John Kearney (no county on record)
2026-04-13,breeder,Ita Brennan,(Kilkenny),Ita Brennan (no county on record)
2026-04-13,breeder,T J Phelan,no county given,T J Phelan ((Laois))
2026-04-13,breeder,Laura Widger,(Waterford),Paula Widger ((Waterford))
2026-04-13,dam,HSS Hazel,by OBOS Qualitu 004,HSS Hazel (by OBOS Quality 004)
2026-04-13,horse,Lanhill Thomasine,"2017, by Numero Uno out of HSS Hazel","Lanhill Tomasine (2017, by Numero Uno out of HSS Hazel)"
2026-04-13,horse,Odyssey Island,"2020, by Islanbd Commander out of Rahard Diamond (ISH)[TIH]by Kings Servant","Odyssey Island (2020, by Island Commander out of Rahard Diamond) | Odyssey Island (2020, by Islanbd Commander out of Rahard Diamond)"
2026-04-13,breeder,Rory Costigan,no county given,Rory Costigan ((Tipperary))
2026-04-13,breeder,Stephen Culliney,(Clare),Stephen Culliney (no county on record)
2026-04-13,breeder,Jack Murphy,no county given,Jack Murphy ((Kilkenny))
2026-04-13,breeder,Jim Timpany,no county given,Jim Tempany (no county on record)
2026-04-13,breeder,Thomas Deegan,no county given,Thomas Keenan (no county on record)
2026-04-20,sire,King Cornet,Sire or dam sire,Kings Cornet (2 horses by this sire)
2026-04-20,sire,Voltair,Sire or dam sire,Voltaire (on record)
2026-04-20,breeder,Brian O’Reilly,no county given,Brian O’Reilly ((Cavan))
2026-04-20,breeder,John Haighey,no county given,John Haughey (no county on record)
2026-04-27,sire,Leuthen I,Sire or dam sire,Leuthen 1 (on record)
2026-04-27,sire,Centresatge,Sire or dam sire,Centrestage (1 horse by this sire)
2026-04-27,breeder,Michael J Kavanagh,(Wexford),Michael J Kavanagh (no county on record)
2026-04-27,breeder,Diana Warrington,no county given,Diana H Warrington (no county on record)
2026-04-27,breeder,William Kennedy,(Kerry),William Kennedy (no county on record)
2026-04-27,dam,Simona,by Leuthen I,Simona (by Leuthen 1)
2026-04-27,breeder,Tom Moloney,no county given,Tom Moloney ((Kilkenny))
2026-04-27,breeder,Mary Brennan,no county given,Mary Brennan ((Kilkenny))
2026-04-27,breeder,Tim Delaney,no county given,Liam Delaney (also new in this paste)
2026-04-27,breeder,Ronan Tynan,(Kilkenny),Ronan Tynan (no county on record)
2026-04-27,breeder,Marti Rud,no county given,Marti Rudd (no county on record)
2026-04-27,horse,Standfast,"2018, by Island Commander out of Ballyogreek Princess","Standfast (2018, by Island Commander out of Ballygreek Princess (ISH)by Flagmount King)"
2026-04-27,breeder,Ennisnag Stud,(Kilkenny),Ennisnag Stud (no county on record)
2026-04-27,dam,Shanaghan Scarlet,by Silvano,Shanaghan Scarlett (by Silvano)
2026-04-27,horse,Shanaghan Faith,"2020, by Centresatge out of Shanaghan Scarlet","Shanaghan Faith (2020, by Centestage out of Shanaghan Scarlett)"
2026-05-04,sire,Cruising Micky Finn,Sire or dam sire,Cruisings Micky Finn (1 horse by this sire)
2026-05-04,sire,Silvono,Sire or dam sire,Silvano (2 horses by this sire)
2026-05-04,sire,Celtic Hero Z,Sire or dam sire,Celtic Hero B Z (3 horses by this sire)
2026-05-04,sire,Shannondal Sarco St Ghyvan,Sire or dam sire,Shannondale Sarco St Ghyvan (3 horses by this sire) | Shannondale Sarso st Ghyvan (on record)
2026-05-04,sire,Satisfaction I,Sire or dam sire,Satisfation 1 (1 horse by this sire)
2026-05-04,breeder,Rosemary Ponsonby,(Tipperary),Rosemary Ponsonby (no county on record)
2026-05-04,breeder,James Rogan,no county given,James Rogan ((Dublin))
2026-05-04,breeder,John Mc Mannus,no county given,John McManus (no county on record)
2026-05-04,breeder,Bollybawn Horses Ltd,no county given,Boleybawn Horses Ltd (no county on record) | Ballybawn Horses Ltd (no county on record)
2026-05-04,breeder,Sinead Byrne,(Kilkenny),Sinead Byrne (no county on record)
2026-05-04,breeder,Niamh Tottenham,no county given,Niamh Tottenham ((Clare))
2026-05-11,sire,Couirage II,Sire or dam sire,Courage II (1 horse by this sire)
2026-05-11,sire,Amigo,Sire or dam sire,Amigo B (1 horse by this sire)
2026-05-11,breeder,Adrian Burke,no county given,Brian Burke (no county on record)
2026-05-11,horse,SNS Apollo,"2019, by Amigo out of Parkroe Lucky Lass","SNS Apollo (2019, by Amigo B out of Parkroe Lucky Lass)"
2026-05-11,dam,Gortglass Shye,by Master Imp,Gortglas Skye (by Master Imp)
2026-05-18,sire,Cicero Z Van Paemal,Sire or dam sire,Cicero Z Van Parmal (on record)
2026-05-18,sire,Ramabo,Sire or dam sire,Romabo (on record)
2026-05-18,sire,Erigal Flight,Sire or dam sire,Errigal Flight (on record)
2026-05-18,sire,Ross Rear Bui,Sire or dam sire,Ross Fear Bui (1 horse by this sire)
2026-05-18,sire,Warrestown You 2,Sire or dam sire,Warrenstown You 2 (3 horses by this sire)
2026-05-18,dam,C-Jumps,by Cicero Z Van Paemal,C-Jumps (by Cicero Z Van Parmal)
2026-05-18,horse,Boleybawn Oliva,"2018, by Jorado out of C-Jumps","Boleybawn Oliva (2018, by Jorado out of C-Jumps)"
2026-05-18,dam,Rabon,by Ramabo,Rabon (by Romabo)
2026-05-18,dam,Deelside Delux,by VDL Groep Verdi TN,Deelside Delux (by Verdi)
2026-05-18,dam,Stormeyford Black Pearl,no dam sire given,Stomeyford Black Pearl (no dam sire on record)
2026-05-18,horse,SSH Playboy,"2012, by Cit Cat out of Stormeyford Black Pearl","SSH Playboy (2012, by Cit Cat out of Stomeyford Black Pearl)"
2026-05-18,breeder,Kael Kavanagh,no county given,Karl Kavanagh (no county on record)
2026-06-01,sire,Aldto,Sire or dam sire,Aldato (on record)
2026-06-01,sire,Ganesh Hero,Sire or dam sire,Ganesh Hero Z (4 horses by this sire)
2026-06-01,sire,Colonel Clover,Sire or dam sire,Colonel Clovere (on record)
2026-06-01,sire,Capri Van Oversis Z,Sire or dam sire,Capri Van Overis Z (6 horses by this sire) | Capri van Oveis Z (1 horse by this sire)
2026-06-01,sire,Luck Valier,Sire or dam sire,Lucky Valier (on record)
2026-06-01,sire,Island Comander,Sire or dam sire,Island Commander (9 horses by this sire) | Islanbd Commander (2 horses by this sire)
2026-06-01,breeder,Hilary Furlonger,(Antrim),Hilary Furlonger (no county on record)
2026-06-01,breeder,Michael Hayde,no county given,Michael Hayde ((Kilkenny))
2026-06-01,horse,CFH Capri Vivendi,"2016, by Capri Van Oversis Z out of ARS Vivendi Lady","CFH Capri Vivendi (2016, by Capri Van Overis Z out of ARS Vivendi Lady)"
2026-06-01,dam,Rusheen Lux,by Lux m (HANN)Z,Rusheen Lux (by Lux Z)
2026-06-01,horse,Fernhill Quite Frankly,"2015, by OBOS Quality 004 out of Rusheen Lux","Fernhill Quite Frankly (2015, by OBOS Quality 004 out of Rusheen Lux)"
2026-06-01,dam,Wheres Juliette,by Luck Valier,Wheres Juliette (by Lucky Valier)
2026-06-01,breeder,Olivia Forrestal,(Wexford),Olivia Forrestal (no county on record)
2026-06-01,dam,White Stripes,by Drossan,White Stripes ES (by Drossan)
2026-06-01,horse,Excel Star Bobby Jorado,"2020, by Jorado out of White Stripes","Excel Star Bobby Jorado (2020, by Jorado out of White Stripes ES)"
2026-06-08,breeder,James J Ryan,(Tipperary),James J Ryan (no county on record)
2026-06-08,breeder,Amie Sterling,no county given,Amie Sterling ((Tipperary))
2026-06-08,breeder,Raymond Carroll,(Offaly),Raymond Carrol (also new in this paste)
2026-06-08,breeder,Joan Rothwell,(Wicklow),Joan Rithwell ((Wicklow)) | Ronan Rothwell ((Wicklow)) | Joan Rothwell (no county on record)
2026-06-08,breeder,James Casey,no county given,James Carey (no county on record)
2026-06-15,sire,Dow Jones Courcell,Sire or dam sire,Dow Jones Courcel (on record)
2026-06-15,sire,Malito de Rive,Sire or dam sire,Malito de Reve (1 horse by this sire)
2026-06-15,sire,Triomphe de Muze,Sire or dam sire,Tromphe de Muze (1 horse by this sire)
2026-06-15,sire,Ricado Z,Sire or dam sire,Ricardo Z (3 horses by this sire)
2026-06-15,breeder,Michael Byrne,(Wicklow),Michael Byrne (no county on record)
2026-06-15,breeder,Kack Murphy,no county given,Jack Murphy (no county on record)
2026-06-15,breeder,David Byrne,no county given,David J Byrne (no county on record)
2026-06-15,horse,Fairyhouse Un A Pickle,"2018, by Gwennic De Goariva out of Supreme Honey","Fairyhouse In A Pickle (2018, by Gwennic de Goariva out of Supreme Honey)"
2026-06-22,sire,Je T’Aime Flemenco,Sire or dam sire,Je T'Aime Flamenco (5 horses by this sire) | Je T’Aim Flamenco (on record)
2026-06-29,dam,Brairhill Temple,by Chacoa,Briarhill Temple (by Chacoa)
2026-06-29,dam,Omard Queen B,by Beach Ball,Omard Queen (by Beach Ball)
2026-06-29,horse,Excel Star TNT,"2019, by Vivant Van de Heffinck out of Omard Queen B","Excel Star TNT (2019, by Vivant van de Heffinck out of Omard Queen)"
2026-06-29,horse,Storm Causeway,"2020, by Island Commander out of Rathduff Storm","Storm Causeway (2020, by Island Comander out of Rathduff Storm)"
2026-06-29,breeder,Michael Kelly,no county given,Michael Healy (no county on record)
2026-06-29,breeder,William McDonnell Inr,no county given,William McDonnell (JNR) (no county on record)
2026-06-29,breeder,John Greene,no county given,John Greene ((Clare))
2026-06-29,dam,Affick,by Glidawn Diamond,Affick (by Glidwn Diamond)
2026-06-29,breeder,James A McMahon,no county given,James McMahon (no county on record)
2026-06-29,horse,Clopook Joker,"2015, by Cruisings Ambassador out of Affick","Clopook Joker (2015, by Cruisings Ambassador out of Affick)"
2026-06-29,dam,Kil\candra Harlequin,by Harlequin Du Carel,Kilcandra Harlequin (by Harlequin du Carel)
2026-06-29,horse,Kilcandra Harlequin Reward,"2014, by Financial Reward out of Kil\candra Harlequin","Kilcandra Harlequin Reward (2014, by Financial Reward out of Kilcandra Harlequin)"
2026-06-29,horse,Fernhill Castlefield Clark,"2018, by Clarcon out of Castlefield Sarah","Fernhill Castlefield Clark (2018, by sire unknown out of dam unknown)"
2026-07-06,sire,Lagans OBOB Quality,Sire or dam sire,Lagans OBOS Quality (10 horses by this sire)
2026-07-06,sire,Laerkens Cascade Dawn,Sire or dam sire,Laerkrns Cascade Dawn (on record)
2026-07-06,breeder,Simon McCarthy,(Wexford),Simon McCarthy (no county on record)
2026-07-06,breeder,John Boyce,no county given,John Joyce (no county on record)
2026-07-06,breeder,B & G Campbell,(Armagh),B & G Campbell (no county on record)
2026-07-06,horse,Killountain Quality,"2019, by Lagans OBOB Quality out of Miss Clover Cruise","Killountain Quality (2019, by Lagans OBOS Quality out of Miss Clover Cruise)"
2026-07-06,breeder,Michael J Kean,no county given,Michael Keane (no county on record)
2026-07-06,breeder,Patrick J Morrison,no county given,Patrick Morrison (no county on record)
2026-07-06,horse,Killadoon Lady,"2019, by Hans out of Mac’s Law","Killadoon Lady (2019, by Hans out of Mac’s Lady)"
2026-07-06,dam,Dawn Delite,by Laerkens Cascade Dawn,Dawn Delite (by Laerkrns Cascade Dawn)
2026-07-06,horse,Longwood Dawn,"2013, by I Love You Melody out of Dawn Delite","Longwood Dawn (2013, by I Love You Melody out of Dawn Delite)"
2026-07-06,breeder,Michael JN Burke,no county given,Michael Burke (no county on record)
2026-07-13,sire,Imperial Hights,Sire or dam sire,Imperial Heights (5 horses by this sire)
2026-07-13,sire,Castlewelawn Galloway,Sire or dam sire,Castlelawn Galloway (1 horse by this sire)
2026-07-13,sire,Germus R,Sire or dam sire,Mermus R (6 horses by this sire)
2026-07-13,sire,Manhatton,Sire or dam sire,Manhattan (on record)
2026-07-13,breeder,Shannondale Stud,no county given,Shannondale Stud ((Clare))
2026-07-13,breeder,Desmond Noctor,no county given,Desmond Noctor ((Wexford))
2026-07-13,horse,DSH Olympic Flight,"2017, by Olympic Lux out of Brandonview Flight","DSH Olympic Fight (2017, by Olympic Lux out of Brandonview Flight)"
2026-07-13,breeder,Garry Doherty,no county given,Gary Doherty (no county on record)
2026-07-13,breeder,Eamon J McCardle,no county given,Eamon McArdle (no county on record)
2026-07-13,horse,Vindakova,"2010, by Castlewelawn Galloway out of Roller Girl","Vindakova (2010, by Castlelawn Galloway out of Roller Girl)"
2026-07-13,breeder,Gary Doherty,(Donegal),Gary Doherty (no county on record)
2026-07-20,sire,Master Impm,Sire or dam sire,Master Imp (1 horse by this sire)
2026-07-20,sire,Porsh,Sire or dam sire,Porsch (1 horse by this sire) | Porch (1 horse by this sire)
2026-07-20,breeder,Tomas Hester,no county given,Thomas Hester (no county on record)
2026-07-20,dam,Hugginstown Imp,by Master Impm,Hugginstown Imp (by Master Imp)
2026-07-20,breeder,Rachel Sterling,(Tipperary),Rachel Sterling (no county on record)
2026-07-20,dam,Lucy’ Imp,by Master Imp,Lucy’s Imp (also new in this paste)
2026-07-27,sire,Shnnondale Sarco St Ghyvan,Sire or dam sire,Shannondale Sarco St Ghyvan (11 horses by this sire) | Shannondale Sarso st Ghyvan (on record) | Shannondal Sarco St Ghyvan (on record)
2026-07-27,sire,Karandasi,Sire or dam sire,Karandasj (on record)
2026-07-27,breeder,Seamus Drea,(Kilkenny),Seamus Drea (no county on record)
2026-07-27,dam,Coolcom Ella,by Shnnondale Sarco St Ghyvan,Coolcom Ella (by Shannondale Sarco St Ghyvan)
2026-07-27,horse,Barrington Candy Kid,"2020, by Sligo Candy Boy out of Coolcom Ella","Barrington Candy Kid (2020, by Sligo Candy Boy out of Coolcom Ella)"
2026-07-27,breeder,Raymond Carroll,no county given,Raymond Carroll ((Offaly))
2026-08-03,sire,Cardemto,Sire or dam sire,Cardento (2 horses by this sire)
2026-08-03,sire,Warenstown You 2,Sire or dam sire,Warrenstown You 2 (4 horses by this sire) | Warrestown You 2 (1 horse by this sire)
2026-08-03,sire,Cmiro de Haar Z,Sire or dam sire,Camiro de Haar Z (2 horses by this sire) | Camiro De Haarz (1 horse by this sire)
2026-08-03,breeder,Georgina Plillips,(Wicklow),Georgina Phillips ((Wicklow)) | Georgina Plilips ((Wicklow))
2026-08-03,horse,Our Grey Goose,"2019, by Emerald Van’t Ruytershof out of Sweet Whispers","Our Grey Goose (2019, by Emerald Van’t Ruytershof out of Sweet Whispers (PEID). Beeder: Joanna Hueston)"
2026-08-03,dam,Saunderscourt Presenting,by Carrick Diamond Lad,Saunderscourt Presenting (by Carrick Diamond Lad (ISH)[TIH]. Bereeder: Albert McDonald)
2026-08-03,horse,Saunderscourt Emperor,"2015, by Emperor Augustus out of Saunderscourt Presenting","Saunderscourt Emperor (2015, by Emperor Augustus out of Saunderscourt Presenting)"
2026-08-03,breeder,Rosemarie Stuart,no county given,Rosemarie Stuart ((Clare))
2026-08-10,breeder,Con Mccarthy,no county given,Tom McCarthy (no county on record)
2026-08-10,breeder,Thomas Duffin,no county given,Thomas Duffy (no county on record)
2026-08-10,breeder,Marian Russell,no county given,Marion Russell (no county on record)
2026-08-10,breeder,Sean Keenan,no county given,Sean Keevans (no county on record)
2026-08-17,dam,Tippterary Belle,by Humbel,Tipperary Belle (by Humbel)
2026-08-17,horse,Benedict Radau,"2012, by Tabasco Van Erpekom out of Tippterary Belle","Benedict Radau (2012, by Tabasco Van Erpekom out of Tipperary Belle)"
2026-08-17,dam,King du Carel,by Harlequin du Carel,King du Carel (by Harlequin du Darel)
2026-08-17,breeder,Gery Doherty,no county given,Gary Doherty (no county on record) | Garry Doherty (no county on record)
2026-08-17,breeder,John P Murphy,(Kilkenny),John P Murphy (no county on record)
2026-08-24,breeder,Baden Powell,no county given,Baden Powell ((Tipperary))
2026-08-31,breeder,Michael J Burke,no county given,Michael Burke (no county on record) | Michael JN Burke (no county on record)
2026-08-31,breeder,Michael Kenny,no county given,Michael Keane (no county on record) | Michael Kelly (no county on record)
2026-08-31,breeder,Alexander Deon,no county given,Alexandrer Deon (no county on record)
2026-09-07,sire,Cavalier Royal,Sire or dam sire,Cavalier Royale (5 horses by this sire) | Cavalier Royalke (on record)
2026-09-07,dam,Cavalier Iris,by Cavalier Royal,Cavalier Iris (by Cavalier Royale)
2026-09-07,breeder,Thomas Horgan,(Waterford),Thomas Horgan (no county on record)
2026-09-07,breeder,Martin Walsh,(Clare),Martin Walsh (no county on record)
2026-09-07,breeder,Danny Murphy,no county given,Anne Murphy (no county on record)
2026-09-14,sire,Stetter,Sire or dam sire,Setter (4 horses by this sire)
2026-09-14,breeder,John Kennedy,no county given,John Kenny (no county on record)
2026-09-14,breeder,Tom Maloney,no county given,Tom Moloney (no county on record)
2026-09-14,dam,Countess Coachella,by Stetter,Countess Coachella (by Setter)
2026-09-14,horse,My Super Moon,"2020, by Ganesh Hero Z out of Countess Coachella","My Super Moon (2020, by Ganesh Hero Z out of Countess Coachella)"
2026-09-14,breeder,Margaret Kinsella,(Galway),Margaret Kinsella (no county on record)
2026-09-21,sire,HSF Cardento Toyale,Sire or dam sire,HSF Cardento Royale (1 horse by this sire)
2026-09-21,sire,Gurraun Zidane,Sire or dam sire,Gurrain Zidane (on record)
2026-09-21,sire,Royal Concode,Sire or dam sire,Royal Concorde (4 horses by this sire) | Royal Concord (2 horses by this sire)
2026-09-21,sire,Streamstown Mickey,Sire or dam sire,Steamstown Mickey (1 horse by this sire)
2026-09-21,sire,Harlequin du Carol,Sire or dam sire,Harlequin du Carel (6 horses by this sire) | Harlequin du Darel (on record)
2026-09-21,breeder,Garry Stephenson,no county given,Garry Stephenso (no county on record)
2026-09-21,breeder,Diane Harron Eakin,(Down),Diane Harron Eakin (no county on record)
2026-09-21,breeder,Michael J Hayden,no county given,Michael Hayde (no county on record)
2026-09-21,breeder,Kiran King,no county given,Kieran King (no county on record)
2026-09-21,breeder,James Casey,(Clare),James Casey (no county on record)
2026-09-21,breeder,Patrick Murphy,(Wexford),Patrick Murphy (no county on record) | Patrick Murphy ((Wicklow))
2026-09-21,breeder,Thomas Merrigan,no county given,Thomas Merrigan ((Wicklow))
2026-09-21,breeder,Samanther Fegan,no county given,Samanthewr Fegan (no county on record)
2026-09-28,sire,Carnabay Mirah,Sire or dam sire,Carnaby Mirah (on record)
2026-09-28,breeder,Kevin Dooley,(Roscommon),Kevin Dooley (no county on record)
2026-09-28,horse,P.S. I Love You 2,"2016, by FSS Correlli Bravo out of Woodmount Queen","P.S. I Love You (2016, by FSS Correlli Bravo out of Woodmount Queen)"
2026-09-28,breeder,Patrick J Kearns,(Laois),Patrick J Kearns (no county on record)
2026-09-28,breeder,Gillian Browne,no county given,Killian Browne (no county on record)
2026-09-28,breeder,Micheal Cummins Jnr,no county given,Michael Cummins Jnr (no county on record)
2026-09-28,breeder,Ronan Byrne,no county given,Ronan Byrne ((Carlow))
2026-09-28,dam,Caiin Clover,by Clover Brigade,Cailin Clover (by Clover Brigade)
2026-09-28,breeder,Rosarie Phelan,(Laois),Rosarie Phelan (no county on record)
2026-09-28,dam,Charry Mill Eile,by Carnabay Mirah,Charry Mill Eile (by Carnaby Mirah)
2026-09-28,breeder,Parraic & Mary Cloherty,no county given,Padraic & Mary Cloherty (no county on record)
2026-09-28,horse,Carnabay Lady,"2014, by Steamstown Mickey out of Charry Mill Eile","Carnabay Lady (2014, by Steamstown Mickey out of Charry Mill Eile)"
